{"cameraMode":{"drawMode":0,"name":"Shaded","section":"Shading Mode"},"sceneLighting":true,"audioPlay":false,"sceneViewState":{"m_AlwaysRefresh":false,"showFog":true,"showSkybox":true,"showFlares":true,"showImageEffects":true,"showParticleSystems":true,"showVisualEffectGraphs":true,"m_FxEnabled":true},"in2DMode":false,"pivot":{"x":421.5482177734375,"y":1047.503662109375,"z":35.35272216796875},"rotation":{"x":0.25480005145072939,"y":0.22211216390132905,"z":-0.060267042368650439,"w":0.9392451643943787},"size":868.6914672851563,"orthographic":false}