{"cameraMode":{"drawMode":0,"name":"Shaded","section":"Shading Mode"},"sceneLighting":false,"audioPlay":false,"sceneViewState":{"m_AlwaysRefresh":false,"showFog":true,"showSkybox":false,"showFlares":true,"showImageEffects":true,"showParticleSystems":true,"showVisualEffectGraphs":true,"m_FxEnabled":true},"in2DMode":false,"pivot":{"x":0.34316736459732058,"y":2.915358066558838,"z":1.6796050071716309},"rotation":{"x":0.06473255157470703,"y":0.031741246581077579,"z":-0.002059672959148884,"w":0.9974175691604614},"size":3.3677074909210207,"orthographic":false}