{"cameraMode":{"drawMode":0,"name":"Shaded","section":"Shading Mode"},"sceneLighting":false,"audioPlay":false,"sceneViewState":{"m_AlwaysRefresh":false,"showFog":true,"showSkybox":false,"showFlares":true,"showImageEffects":true,"showParticleSystems":true,"showVisualEffectGraphs":true,"m_FxEnabled":true},"in2DMode":false,"pivot":{"x":-124.19999694824219,"y":24.120285034179689,"z":11.058323860168457},"rotation":{"x":0.34207192063331606,"y":0.058033883571624759,"z":-0.021170319989323617,"w":0.9376645684242249},"size":14.656161308288575,"orthographic":false}